Name,Age
Shafira,61
Orlando,12
Kiayada,66
Bevis,66
Noel,17
Alexander,65
Amanda,71
Rhona,32
Lysandra,53
Rosalyn,3
Kerry,32
Medge,9
Cedric,55
Hedley,52
Merrill,13
Wallace,49
Bert,79
Amena,5
Callum,82
Cain,4
Paul,32
Yen,12
Edward,29
Marah,43
Yoko,78
Phillip,48
Aurora,39
Ina,7
Shad,87
Ariana,3
Shannon,23
Dora,53
Leilani,55
Wanda,80
Ariana,12
Alexa,34
Edan,72
Flynn,51
Jerome,17
Victor,84
Quinn,9
Alvin,7
Kessie,62
Bradley,77
Idona,28
Kyle,55
Price,41
Quentin,14
Lacy,47
Shana,60
Allen,55
Kareem,34
Carl,13
Brynn,66
Cadman,62
Aileen,40
Britanni,44
Kareem,66
India,30
Ivy,39
Emerson,1
Kirestin,69
Winifred,83
Omar,69
Bethany,83
Flavia,52
Winter,26
Mannix,12
Nigel,7
Alec,22
Sarah,51
Zephr,42
Emily,31
Jaquelyn,51
Chava,3
Madaline,73
Lucian,38
Ulla,13
Eliana,58
Vernon,86
Yeo,54
Claudia,48
Orla,33
Bethany,32
Emi,9
Hedley,80
Steven,56
Laura,10
Jakeem,76
Raja,88
Cathleen,76
Harrison,47
Christen,46
Malcolm,65
Tatyana,40
Branden,80
Ashton,46
Jacob,87
Olympia,85
Malik,47